{
 "com.android.apps.tag":"android",
 "com.android.bluetooth":"android",
 "com.android.browser":"android",
 "com.android.calendar":"android",
 "com.android.contacts":"android",
 "com.android.cp.deviceinfo":"android",
 "com.android.deskclock":"android",
 "com.android.dialer":"android",
 "com.android.email":"android",
 "com.android.exchange":"android",
 "com.android.huaqin.factory":"android",
 "com.android.incallui":"android",
 "com.android.inputmethod,pinyin":"android",
 "com.android.inputmethod.latin":"android",
 "com.android.mms":"android",
 "com.android.myphoneregist":"android",
 "com.android.nfc":"android",
 "com.android.ota":"android",
 "com.android.phone":"android",
 "com.android.providers.contacts":"android",
 "com.android.providers.media":"android",
 "com.android.providers.telephony":"android",
 "com.android.quicksearchbox":"android",
 "com.android.samsungtest.DataCreate":"android",
 "com.android.settings":"android",
 "com.android.settings.mt":"android",
 "com.android.shell":"android",
 "com.android.simmelock":"android",
 "com.android.system.gapps":"android",
 "com.android.system.qapps":"android",
 "com.android.systemui":"android",
 "com.android.vending":"android",
 "com.android.voicedialer":"android",
 "com.dropbox.android":"custom",
 "com.evernote":"custom",
 "com.google.android.apps.docs":"google",
 "com.google.android.apps.docs.editors.docs":"google",
 "com.google.android.apps.docs.editors.sheets":"google",
 "com.google.android.apps.docs.editors.slides":"google",
 "com.google.android.apps.googlevoice":"google",
 "com.google.android.apps.inbox":"google",
 "com.google.android.apps.inputmethod.hindi":"google",
 "com.google.android.apps.inputmethod.zhuyin":"google",
 "com.google.android.apps.maps":"google",
 "com.google.android.apps.messaging":"google",
 "com.google.android.apps.photos":"google",
 "com.google.android.apps.plus":"google",
 "com.google.android.apps.tycho":"google",
 "com.google.android.calendar":"google",
 "com.google.android.contacts":"google",
 "com.google.android.dialer":"google",
 "com.google.android.email":"google",
 "com.google.android.gm":"google",
 "com.google.android.gm.exchange":"google",
 "com.google.android.gms":"google",
 "com.google.android.GoogleCamera":"google",
 "com.google.android.googlequicksearchbox":"google",
 "com.google.android.gsf":"google",
 "com.google.android.gsf.login":"google",
 "com.google.android.inputmethod.korean":"google",
 "com.google.android.inputmethod.latin":"",
 "com.google.android.inputmethod.pinyin":"google",
 "com.google.android.keep":"google",
 "com.google.android.setupwizard":"google",
 "com.google.android.syncadapters.contacts":"google",
 "com.google.android.tag":"google",
 "com.google.android.talk":"google",
 "com.google.android.voicesearch":"google",
 "com.google.android.widget.userinfo":"google",
 "com.google.zxing.client.android":"google",
 "com.nuvolect.countercloud":"nuvolect",
 "com.nuvolect.crypsafe":"nuvolect",
 "com.nuvolect.guardianbeta":"nuvolect",
 "com.nuvolect.nuvonow":"nuvolect",
 "com.nuvolect.photoshield":"nuvolect",
 "org.sufficientlysecure.keychain":"custom",
 "org.thoughtcrime.redphone":"custom",
 "org.thoughtcrime.securesms":"custom"
}